{
  "project_info": {
    "project_number": "918313641348",
    "project_id": "seed-guard-e1480",
    "storage_bucket": "seed-guard-e1480.firebasestorage.app"
  },
  "client": [
    {
      "client_info": {
        "mobilesdk_app_id": "1:918313641348:android:c108837448966c8b8669d1",
        "android_client_info": {
          "package_name": "com.example.seed"
        }
      },
      "oauth_client": [],
      "api_key": [
        {
          "current_key": "AIzaSyDNY1Px8extCrMcFk2s9hGIDiCg29C0Auw"
        }
      ],
      "services": {
        "appinvite_service": {
          "other_platform_oauth_client": []
        }
      }
    }
  ],
  "configuration_version": "1"
}